{"val_loss": 0.15365517139434814, "epoch": 3, "trainer/global_step": 2346, "_timestamp": 1703957712.7946768, "_runtime": 33.632057666778564, "_step": 7, "avg_loss": 0.18095983564853668, "train_acc": 0.9478999972343445, "train_f1": 0.9478999972343445, "test_loss": 0.1674606204032898, "_wandb": {"runtime": 32}}