{"val_loss": 0.1437171846628189, "epoch": 3, "trainer/global_step": 2346, "_timestamp": 1703958238.8453019, "_runtime": 35.275521755218506, "_step": 7, "avg_loss": 0.17580313980579376, "train_acc": 0.9499800205230713, "train_f1": 0.9499800205230713, "test_loss": 0.1623881459236145, "_wandb": {"runtime": 33}}